
-- Sql Data Insertion Statemnet----

INSERT INTO Players VALUES
(00001, 'Rohit Sharma',     'India',       '1987-04-30', 'Batsman',      '6033',  157.33, 'right-arm medium',  'right-handed'),
(00002, 'Rashid Khan',      'Afghanistan', '1998-09-20', 'All-rounder',  '2033',  154.29, 'light-arm legbreak', 'right-handed'),
(00003, 'David Miller',     'South Africa','1988-06-10', 'Batsman',      '2033',  137.89, 'right-arm offbreak', 'left-handed'),
(00004, 'Vijay Shankar',    'India',   '1991-01-26', 'All-rounder',  '2033',  127.44, 'right-arm medium',   'right-handed'),
(00005, 'Shubman Gill',     'India',   '1999-09-08', 'Batsman',      '303' , 126.67, 'right-arm offbreak', 'right-handed'),
(00006, 'Rahul Tewatia',    'India',   '1993-05-20', 'All-rounder',  '1033',  130.19, 'right-arm legbreak', 'left-handed'),
(00007, 'Wriddhiman Saha',  'India',   '1984-10-24', 'Wicketkeeper', '2033',  128.42, NULL,                 'right-handed'),
(00008, 'Mohammad Shami',   'India',   '1990-09-03', 'Bowler',       '2004',  94.52,  'right-arm fast-medium', 'right-handed'),
(00009, 'Mohit Sharma',     'India',   '1988-09-18', 'Bowler',       '2004',  104.27, 'right-arm fast-medium', 'right-handed'),
(00010, 'Alzarri Joseph',   'Jamaica',     '1996-11-20', 'Bowler',       '2004',  100.00, 'right-arm fast-medium', 'right-handed'),
(00011, 'Kane Williamson',  'New Zealand', '1990-08-08', 'Batsman',      '2004',  113.19, 'right-arm offbreak',  'right-handed'),
(00012, 'M S Dhoni',        'India',  '1981-07-07', 'Wicketkeeper', '4344',  135.77, 'right-arm medium',   'right-handed'),
(00013, 'Ravindra Jadeja',  'India',  '1988-12-06', 'Bowler',       '2004',  127.62, 'left-arm orthodox',  'left-handed'),
(00014, 'Suresh Raina',     'India',  '1986-11-27', 'Batsman',      '2004',  136.73, 'right-arm offbreak', 'left-handed'),
(00015, 'Cheteshwar Pujara','India',  '1988-01-23', 'Batsman',      '2004',  99.74,  'right-arm legbreak', 'right-handed'),
(00016, 'Deepak Chahar',    'India',  '1992-07-07', 'Bowler',       '2003',  138.60, 'right-arm medium',   'right-handed'),
(00017, 'Mitchell Santner', 'New Zealand', '1992-02-05', 'All-rounder',  '2003',  103.70, 'left-arm orthodox',  'left-handed'),
(00018, 'Dwayne Bravo',     'Jamaica',     '1983-10-07', 'Batsman', '2033',  129.57, 'right-arm fast-medium', 'right-handed'),
(00019, 'Shardul Thakur',   'India',       '1991-12-16', 'Bowler',  '2033',  148.11, 'right-arm fast-medium', 'right-handed'),
(00020, 'Imran Tahir',      'South Africa','1979-03-27', 'Bowler',  '2033',  89.19,  'right-arm legbreak', 'right-handed'),
(00021, 'Moeen Ali',        'England',     '1987-06-18', 'Batsman', '2033',  143.61, 'right-arm offbreak', 'left-handed'),
(00022, 'Faf Du Plessis',   'South Africa','1984-07-13', 'Batsman', '4033',  132.87, 'right-arm legbreak', 'right-handed'),
(00023, 'Virat Kohli',      'India',       '1988-11-05', 'Batsman', '6033',  129.67, 'right-arm medium',   'right-handed'),
(00024, 'Rajat Patidar',    'India',       '1993-06-01', 'Batsman', '1033',  144.29, 'right-arm offbreak', 'right-handed'),
(00025, 'Devdutt Padikkal', 'India',       '2000-07-07', 'Batsman', '2005',  123.01, 'right-arm offbreak', 'left-handed'),
(00026, 'Glenn Maxwell',    'Australia',   '1988-10-14', 'All-rounder','2005',  150.98, 'right-arm offbreak', 'right-handed'),
(00027, 'Tim David',        'Singapore',   '1996-03-16', 'All-rounder',  '2005',  179.74, 'right-arm medium',   'right-handed'),
(00028, 'Shahbaz Ahmed',    'India',       '1994-12-11', 'All-rounder',  '2005',  119.08, 'left-arm orthodox',  'left-handed'),
(00029, 'AB de Villiers',   'South Africa','1984-02-17', 'Wicketkeeper', '6005',  151.69, 'right-arm medium',   'right-handed'),
(00030, 'Mohammed Siraj',   'India', '1994-03-13', 'Bowler',  '2005',  88.07,  'right-arm fast-medium', 'right-handed'),
(00031, 'Navdeep Saini',    'India', '1992-11-23', 'Bowler',  '2005',  88.19,  'right-arm fast',     'right-handed'),
(00032, 'Yuzvendra Chahal', 'India', '1990-07-23', 'Bowler',  '3402',  43.02,  'right-arm legbreak', 'right-handed'),
(00033, 'Srikar Bharat',    'India', '1993-10-03', 'Batsman', '3402',  122.07, NULL,                 'right-handed'),
(00034, 'Rohit Sharma',     'India', '1987-04-30', 'Batsman', '3402',  130.07, 'right-arm offbreak', 'right-handed'),
(00035, 'Suryakumar Yadav', 'India', '1990-09-14', 'Batsman', '3402',  136.87, 'right-arm offbreak', 'right-handed'),
(00036, 'Chris ś',       'Australia','1990-04-10', 'Batsman', '3402',  140.63, 'left-arm orthodox',  'right-handed'),
(00037, 'Krunal Pandya',    'India',    '1991-03-24', 'All-rounder',  '3402',  135.71, 'left-arm orthodox',  'left-handed'),
(00038, 'Kieron Pollard',   'Jamaica',  '1987-05-12', 'All-rounder',  '3402',  147.32, 'right-arm medium',   'right-handed'),
(00039, 'James Neesham',    'New Zealand',   '1990-09-17', 'All-rounder',  '3402',  98.92,  'right-arm medium',   'left-handed'),
(00040, 'Quinton de Kock',    'South Africa',  '1992-12-17', 'Wicketkeeper', '3402',  133.91, NULL,  'left-handed'),
(00041, 'Ishan Kishan',       'India',         '1998-07-18', 'Wicketkeeper', '3402',  133.36, NULL,  'left-handed'),
(00042, 'Jasprit Bumrah',     'India',         '1993-12-06', 'Bowler',       '3402',  84.85,  'right-arm fast',     'right-handed'),
(00043, 'Nathan Coulter-Nile','Australia',     '1987-10-11', 'Bowler',       '1033',  113.89, 'right-arm fast',     'right-handed'),
(00044, 'Rahul Chahar',       'India',         '1999-08-04', 'Bowler',       '1033',  100.00, 'right-arm legbreak', 'right-handed'),
(00045, 'Eoin Morgan',        'England',       '1986-09-10', 'Batsman',      '1033',  122.60, 'right-arm medium',   'left-handed');




INSERT INTO Teams VALUES  
(1, 'Royal Challengers Bangalore', 'United Spirits', 101, 1001), 
(2, 'Mumbai Indians', 'Reliance Industry Ltd', 102, 1002), 
(3, 'Chennai Super Kings', 'India Cements Ltd', 103, 1003), 
(4, 'Gujarat Titans', 'CVC Capital Partners', 104, 1004), 
(5, 'Rajasthan Royals', 'Emerging Media IPL Ltd', 105, 1005), 
(6, 'Kolkata Knight Riders', 'Red Chillies Entertainment', 106, 1006), 
(7, 'Punjab Kings', 'KPH Dream Private Limited', 107, 1007), 
(8, 'Delhi Capitals', 'GMR Group & JSW Group', 108, 1008), 
(9, 'Lucknow Super Giants', 'RPSG Group', 109, 1009), 
(10, 'Sunrisers Hyderabad', 'SUN Group', 110, 1010);



INSERT INTO Matches VALUES
(2001, 'League', '2015-03-27', 'Sawai Mansingh Stadium', 'LSG', 'DC', 'DC', 'LSG', 00001,00034),
(2002, 'League', '2015-03-27', 'Narendra Modi Stadium', 'RCB', 'GT', 'GT', 'RCB', 00002,00023),
(2003, 'League', '2015-03-27', 'I.S Bindra Association Stadium', 'KXIP', 'SRH', 'KXIP', 'SRH',00003,00021),
(2004, 'League', '2015-03-27', 'M.Chinnaswamy Stadium', 'RCB', 'MI', 'MI', 'RCB', 00004,00035),
(2005, 'League', '2015-03-27', 'Eden Gardens', 'RR', 'KKR', 'KKR', 'RR',00005,00025),
(2006, 'League', '2015-03-27', 'Wankhede Stadium', 'KKR', 'MI', 'KKR', 'MI', 00006,00042),
(2007, 'Qualifier1', '2025-05-19', 'Arun Jaitley Stadium', 'CSK', 'MI', 'CSK', 'MI', 00007,00023),
(2008, 'Elimation', '2025-05-20', 'Rajiv Gandhi International Cricket Stadium', 'RCB', 'SRH', 'SRH', 'RCB',00008,00033),
(2009, 'Qualifier2', '2025-05-22', 'Narendra Modi Stadium', 'CSK', 'RCB', 'RCB', 'CSK', 00009,00012),
(2838, 'Final', '2025-05-24', 'MA Chidambaram chennai', 'CSK', 'MI', 'CSK', 'MI',00010,00001);




INSERT INTO Umpire VALUES
(00001,'Sundaram Ravi',15,'Inida'),							
(00002,'Paul Reiffel',18,'Australia'),
(00003,'Nitin Menon',9,'India'),
(00004,'Christopher Columbus',25,'New Zealand'),
(00005,'Anil Chaudary',10,'Inida'),
(00006,'C. Shamshuddin',20,'India'),
(00007,'Arvindra Gohel',9,'USA'),
(00008,'Sumukh Chattopadhay',14,'India'),
(00009,'Gerard Abood',23,'Australia'),
(00010,'Afzal Ahmed',12,'India');



INSERT INTO HeadCoach VALUES 
(101, 'Andy Flower', 5, '1968-04-28', 'Zimbabwe'), 
(102, 'Mahela Jayawardene', 8, '1977-05-27', 'Sri Lanka'), 
(103, 'Stephen Fleming', 18, '1973-04-01', 'New Zealand'), 
(104, 'Ashish Nehra', 4, '1979-04-29', 'India'), 
(105, 'Rahul Dravid', 16, '1973-01-11', 'India'), 
(106, 'Chandrakant Pandit', 18, '1961-09-30', 'India'), 
(107, 'Sanjay Bangar', 19, '1972-10-11', 'India'), 
(108, 'Ricky Ponting', 13, '1974-12-19', 'Australian'), 
(109, 'Justin Langer', 12, '1970-11-21', 'Australian'), 
(110, 'Danial Vettori', 9, '1979-01-27', 'New Zealand');



INSERT INTO Stadium VALUES
('Sawai Mansingh Stadium'),
('Narendra Modi Stadium'),
('I.S Bindra Association Stadium'),
('M.Chinnaswamy Stadium'),
('Eden Gardens'),
('Wankhede Stadium'),
('Arun Jaitley Stadium'),
('Rajiv Gandhi International Cricket Stadium'),
('MA Chidambaram chennai');


INSERT INTO TeamOwner VALUES  
(1001, 'United Spirits', 'Alcoholic Beverages Company', 'England'), 
(1002, 'Reliance Industry Ltd', 'Telecommunications, Energy', 'India'), 
(1003, 'India Cements Ltd', 'Cement Manufacturing', 'India'), 
(1004, 'CVC Capital Partners', 'Investment Advisory Firm', 'England'), 
(1005, 'Emerging Media IPL Ltd', 'Digital Venture Builder', 'England'), 
(1006, 'Red Chillies Entertainment', 'Film Industry', 'India'), 
(1007, 'KPH Dream Private Limited', 'Film Industry', 'India'), 
(1008, 'GMR Group & JSW Group', 'Development Company', 'India'), 
(1009, 'RPSG Group', 'Carbon Black, IT Service, Media', 'India'), 
(1010, 'SUN Group', 'TV Network', 'India');
